Original Function Name,Function Code,Hash Mask Name
cumulativeProbability,"    public double cumulativeProbability(double x) throws MathException {
        final double dev = x - mean;
        try {
        return 0.5 * (1.0 + Erf.erf((dev) /
                    (standardDeviation * FastMath.sqrt(2.0))));
        } catch (MaxIterationsExceededException ex) {
            if (x < (mean - 20 * standardDeviation)) { // JDK 1.5 blows at 38
                return 0;
            } else if (x > (mean + 20 * standardDeviation)) {
                return 1;
            } else {
                throw ex;
            }
        }
    }",func_7c06cbc7a3a7e0e59467e309737fa1da8663f7b3109c18909423e3a404e92da1
